Artist,Title,Year,Album,Validated
Adagio,Promises,2003,Underworld,True
Adagio,Fame,2006,Dominate,True
Alcatrazz,God Blessed Video,1985,Disturbing The Peace,True
Alcatrazz,Jet to Jet,2017,Breaking the Heart of the City: The Best of Alcatrazz,True
Allen Lande,Master Of Sorrow,2007,The Revenge,True
Andy Martongelli,Army of Darkness,2023,Ultradead,True
Artension,Area 51,1997,Phoenix Rising,True
Artension,Phoenix Rising,1997,Phoenix Rising,True
At Vance,The Winner Takes It All,2006,Dragonchaser,True
At Vance,Four Seasons - Summer,2006,No Escape,True
Ayreon,Day Sixteen: Loser,2004,The Human Equation,True
Ayreon,Comatose,2008,01011001,True
Black Majesty,Six Ribbons,2005,Silent Company,True
Bob Katsionis,Game of Drones,2012,Rest in Keys,True
Bob Katsionis,Falling from the Edge of Space,2012,Rest in Keys,True
Cacophony,Speed Metal Symphony,1987,Speed Metal Symphony,True
Cacophony,Concerto,1987,Speed Metal Symphony,True
Carlos Lichman,Speed Rules - Studio,2009,Firestorm,True
Chris Poland,Return to Metalopolis,1990,Return to Metalopolis (30th Anniversary Edition),True
Condition Red,"Capriccio in G Major, HWV 571",2017,G.F. Handel: Baroque Passion (Lion Music Presents),True
Cydemind,Winter,2019,Winter,True
Dark Moor,Vivaldi's Winter,2005,Beyond the Sea,True
Dark Moor,Canción Del Pirata,2010,Ancestral Romance,True
Dave Martone,Bossa Dorado,2008,Clean,True
Derdian,Lord Of War,2016,Revolution Era,True
Derdian,Eternal Light,2016,Revolution Era,True
Firewind,Maniac,2008,The Premonition,True
Firewind,Rising Fire,2020,Firewind,True
Frank Gambale,6.8 Shaker,1994,Passages,True
Heavenly,When the Rain Begins to Fall,2007,Virus,True
Heavenly,Lost in Your Eyes,2009,Carpe Diem,True
Impellitteri,Spanish Fire,2023,The Complete Beast 1987-2009,True
Impellitteri,17th Century Chicken Pickin',2023,The Complete Beast 1987-2009,True
Iron Mask,Broken Hero,2011,Black as Death,True
Iron Mask,The First and the Last,2016,Diabolica,True
Jacky Vincent,Venom Love,2013,Star X Speed Story,True
Jason Becker,Altitudes,1988,Perpetual Burn,True
Jason Becker,Perpetual Burn,1988,Perpetual Burn,True
Jeff Loomis,Miles of Machines,2008,Zero Order Phase,True
Jeff Loomis,Tragedy and Harmony,2012,Plains Of Oblivion,True
Jeff Scott Soto,Encore: Stand Up,2009,One Night In Madrid,True
Jorn,Blacksong,2006,The Duke,True
Jorn,I Walk Alone,2009,Spirit Black,True
Labyrinth,Moonlight,1998,Return to Heaven Denied,True
Labyrinth,Thunder,1998,Return to Heaven Denied,True
Lars Eric Mattsson,Freedom,2024,Epicentre,True
Lost Horizon,Welcome Back,2001,Awakening the World,True
Lost Horizon,Pure,2002,A Flame To The Ground Beneath,True
Luca Turilli,Virus,2006,Lost Horizons (Luca Turilli's Dream Quest),True
Luca Turilli,Mystic and Divine,2006,The Infinite Wonders of Creation,True
Luca Turilli's Rhapsody,Ascending to Infinity,2012,Ascending to Infinity,True
Luca Turilli's Rhapsody,Dante's Inferno,2012,Ascending to Infinity,True
Michael Romeo,Fear The Unknown,2018,"War Of The Worlds, Pt. 1",True
Michael Romeo,Divide & Conquer,2022,"War Of The Worlds, Pt. 2 (Bonus Tracks Edition)",True
Narnia,Living Water,1998,Long Live the King,True
Nevermore,Believe in Nothing,2000,Dead Heart In a Dead World,True
Nevermore,The Heart Collector,2000,Dead Heart In a Dead World,True
Nocturnal Rites,Still Alive,2006,Grand Illusion,True
Paul Gilbert,Down to Mexico,1998,Flying Dog,True
Paul Gilbert,Fuzz Universe,2010,Fuzz Universe,True
Power Quest,Cemetery Gates,2008,Master of Illusion,True
Power Quest,Now Is the Time,2022,Now Is the Time,True
Racer X,Scarified,1987,Second Heat,True
Racer X,Technical Difficulties,1999,Technical Difficulties,True
Reb Beach,Black Magic (2020),2020,A View from the Inside,True
Ron Jarzombek,Strike That,2023,"Apps, Writing Systems and Remakes",True
Ron Jarzombek,Frenetically Inconsistent Velocities Entwined,2023,"Apps, Writing Systems and Remakes",True
Royal Hunt,Half Past Loneliness,2011,Show Me How to Live,True
Shawn Lane,The Way It Has to Be,2019,The Tri-Tone Fascination (20th Anniversary Edition),True
Shawn Lane,Tri-7\5,2019,The Tri-Tone Fascination (20th Anniversary Edition),True
Space Odyssey,Despair and Pain,2003,Embrace the Galaxy,True
Steve Stevens,Atomic Playboys,1989,Atomic Playboys,True
The Great Kat,Metal Messiah,1987,Worship Me Or Die!,True
Time Requiem,Brutal Mentor,2002,Time Requiem,True
Time Requiem,Grand Opus,2002,Time Requiem,True
Timo Tolkki’s Avalon,Enshrined in My Memory,2013,The Land of New Hope,True
Timo Tolkki’s Avalon,I'll Sing You Home,2013,The Land of New Hope,True
Tony MacAlpine,Death of Roses,2017,Death of Roses,True
Tony MacAlpine,Chrome Castles,2017,Death of Roses,True
Trans-Siberian Orchestra,Requiem (The Fifth),2000,Beethoven's Last Night,True
Turilli / Lione Rhapsody,D.N.A. - Demon and Angel,2019,Zero Gravity (Rebirth and Evolution),True
Turilli / Lione Rhapsody,Phoenix Rising,2019,Zero Gravity (Rebirth and Evolution),True
Uli Jon Roth,Beethoven Paraphrase,2000,"Transcendental Sky Guitar: the Phoenix & the Dragon, Vol. 1 & 2",True
Uli Jon Roth,The Sails of Charon,2014,Scorpions Revisited,True
Vinnie Moore,Lifeforce,1986,Mind's Eye,True
Vinnie Moore,The Maze,1999,The Maze,True
Virtuocity,Eye for an Eye,2002,Secret Visions,True
Vision Divine,La Vita Fugge - Chapter VI,2004,Stream of Consciousness,True
Vision Divine,Angel of Revenge,2018,Angel of Revenge,True
Vitalij Kuprij,Opus 1 (Theme by Paganini),1997,High Definition,True
Vitalij Kuprij,Chopin Etude #11 in a Minor Opus 25,1998,Extreme Measures,True
Warmen,Somebody's Watching Me,2005,Accept The Fact,True
Warmen,Warmen Are Here For None,2023,Here For None,True
Yngwie Malmsteen,Rising Force,1988,Odyssey,True
Yngwie Malmsteen,Far Beyond The Sun,1992,Yngwie J. Malmsteen's Rising Force,True
Alcatrazz,Transylvanian Requiem,2025,Prior Convictions,True
Ayreon,Loser,2026,Loser,True
Chris Poland,Black Flame,2026,Black Flame,True
Chris Poland,Dice And Thunder,2026,Dice And Thunder,True
Chris Poland,Electric Burn,2026,Electric Burn,True
Lars Eric Mattsson,The Enemy We Face,2025,The Enemy We Face,True
Lars Eric Mattsson,Warriors,2025,Warriors,True
The Great Kat,Beethoven's 666th,2026,Beethoven's 666th,True
The Great Kat,FATE,2026,FATE,True
The Great Kat,Wagner's The Ring Siegfried Idyll Siegfried,2026,Wagner's The Ring Siegfried Idyll Siegfried,True
The Great Kat,Beethoven’s 666th,2026,Death Metal Beethoven's 666th,True
Narnia,Agua Viva,2025,Agua Viva,True
Paul Gilbert,If You Soak Bread in the Sauce,2026,WROC,True
Narnia,Xeno Burst (feat. Nadav Bar),2025,Ultra Mode 3,True
Paul Gilbert,Show Not Yourself Glad (At the Misfortune of Another),2026,WROC,True
Lars Eric Mattsson,Fire's Burning,2026,Fire's Burning,True
The Great Kat,Strauss' Perpetuum Mobile A Musical Joke,2026,Strauss' Perpetuum Mobile A Musical Joke,True
The Great Kat,Bringing In The Sheaves,2026,Bringing In The Sheaves,True
The Great Kat,Brahms' Hungarian Dance,2026,Brahms' Hungarian Dance,True
Dark Moor,Una Música En Mi Ser,2026,Una Música En Mi Ser,True
The Great Kat,National Emblem March,2026,4th Of July USA 250,True
Paul Gilbert,Keep Your Feet Firm and Even,2026,WROC,True
Heavenly,Scene Stealing,2026,Highway To Heavenly,True
Lars Eric Mattsson,Everything,2026,Everything,True
Paul Gilbert,Conscience is the Most Certain Judge,2026,WROC,True
Ayreon,The Year of '41,2026,30th Anniversary - An Amazing Flight Through Time,True
Vision Divine,18 (It Feels like Heaven),2026,18 (It Feels like Heaven),True
